dataset,split_seed,model,n_test_loci,n_test_instances,best_C,acc,mcc,bal_acc,acc_lo,acc_hi,mcc_lo,mcc_hi,bal_lo,bal_hi,dmcc_vs_majority,dmcc_vs_majority_lo,dmcc_vs_majority_hi,dbal_vs_majority,dbal_vs_majority_lo,dbal_vs_majority_hi,dmcc_vs_ref_base,dmcc_vs_ref_base_lo,dmcc_vs_ref_base_hi,dbal_vs_ref_base,dbal_vs_ref_base_lo,dbal_vs_ref_base_hi
hotspot,42,majority,70,112511,,0.6493853934281981,0.0,0.16666666666666666,0.3574748373926888,0.77674237580913,0.0,0.0,0.16666666666666666,0.16666666666666666,0.0,0.0,0.0,0.0,0.0,0.0,-0.4600554538074592,-0.5739539471098002,-0.32428861973973,-0.16666666666666666,-0.16666666666666666,-0.16666666666666666
hotspot,42,ref_base,70,112511,,0.7330216601043453,0.4600554538074592,0.3333333333333333,0.5284770560384942,0.824636718446696,0.32428861973972994,0.5739539471098002,0.3333333333333333,0.3333333333333333,0.4600554538074592,0.32428861973972994,0.5739539471098002,0.16666666666666666,0.16666666666666666,0.16666666666666666,0.0,0.0,0.0,0.0,0.0,0.0
hotspot,42,LR_pm1,70,112511,0.1,0.7259823483926016,0.443998022036512,0.3354001952495082,0.512066196931856,0.8205504055000469,0.29851000982565395,0.5584780245686563,0.3287414363219417,0.344043100524506,0.443998022036512,0.29851000982565395,0.5584780245686563,0.16873352858284155,0.162074769655275,0.17737643385783933,-0.016057431770947206,-0.045318459401006546,0.0006626957900681931,0.002066861916174889,-0.0045918970113916395,0.01070976719117266
hotspot,42,LR_pm2,70,112511,0.1,0.729866413061834,0.447979784079722,0.3427016298618362,0.5198398844743594,0.8226510983786771,0.30844822955375134,0.5604526482073265,0.3034694388465082,0.3735990856951392,0.447979784079722,0.30844822955375134,0.5604526482073265,0.17603496319516956,0.13680277217984155,0.2069324190284726,-0.012075669727737215,-0.041716604438375396,0.012448035563698308,0.009368296528502906,-0.02986389448682512,0.04026575236180592
hotspot,42,LR_pm5,70,112511,1.0,0.5097012736532428,0.24684603981894354,0.36961623111350866,0.2403739125590244,0.7278264595632834,0.06215301927257266,0.5068040451579213,0.27336437544663156,0.46452441154286855,0.24684603981894354,0.06215301927257266,0.5068040451579213,0.202949564446842,0.10669770877996489,0.2978577448762019,-0.21320941398851567,-0.38615913407443164,0.05314113209202235,0.03628289778017535,-0.05996895788670177,0.1311910782095352
hotspot,42,LR_pm10,70,112511,0.1,0.7225782367946245,0.4473570829266689,0.3608259137424754,0.5052807630239243,0.8106938958575778,0.2928805415251366,0.568264423795262,0.32470118565973544,0.4204628969387085,0.4473570829266689,0.2928805415251366,0.568264423795262,0.19415924707580876,0.15803451899306878,0.2537962302720418,-0.012698370880790288,-0.09855431984839268,0.06377683297554877,0.027492580409142098,-0.008632147673597873,0.08712956360537515
hotspot,43,majority,70,142099,,0.6848042561875876,0.0,0.16666666666666666,0.40091119383193285,0.801002784785052,0.0,0.0,0.16666666666666666,0.16666666666666666,0.0,0.0,0.0,0.0,0.0,0.0,-0.4328291290522918,-0.5380987865491732,-0.3045524023497873,-0.16666666666666666,-0.16666666666666666,-0.16666666666666666
hotspot,43,ref_base,70,142099,,0.749744896163942,0.4328291290522918,0.3333333333333333,0.5524092441115972,0.842596299028412,0.3045524023497873,0.5380987865491732,0.3333333333333333,0.3333333333333333,0.4328291290522918,0.3045524023497873,0.5380987865491732,0.16666666666666666,0.16666666666666666,0.16666666666666666,0.0,0.0,0.0,0.0,0.0,0.0
hotspot,43,LR_pm1,70,142099,0.1,0.7472044138241648,0.42569885750620384,0.33330106221161065,0.5485699287826382,0.8405345938788632,0.2961371106849782,0.5310920793084402,0.33163865306783136,0.33464666168992757,0.42569885750620384,0.2961371106849782,0.5310920793084402,0.166634395544944,0.16497198640116473,0.16797999502326094,-0.007130271546087974,-0.019756938044912617,9.816372868021586e-05,-3.227112172266011e-05,-0.001694680265501937,0.0013133283565942733
hotspot,43,LR_pm2,70,142099,0.01,0.731025552607689,0.3575313347079896,0.2852911428984251,0.5126307297885683,0.8310620817153495,0.21099772300433908,0.480124734582107,0.2269050745602317,0.31877999745705293,0.3575313347079896,0.21099772300433908,0.480124734582107,0.11862447623175845,0.060238407893565056,0.1521133307903863,-0.07529779434430223,-0.1586339741634819,-0.025586163317655067,-0.048042190434908205,-0.10642825877310161,-0.014553335876280358
hotspot,43,LR_pm5,70,142099,0.1,0.748534472445267,0.4509074319685178,0.4079500014179265,0.5510043647463725,0.8343396933595097,0.30066386256616895,0.547504645233621,0.3305589477395619,0.46026814005627514,0.4509074319685178,0.30066386256616895,0.547504645233621,0.24128333475125982,0.16389228107289527,0.29360147338960846,0.018078302916225975,-0.09155537035981215,0.13413446532976706,0.07461666808459316,-0.002774385593771393,0.1269348067229418
hotspot,43,LR_pm10,70,142099,1.0,0.701989458053892,0.4184981926768608,0.4682380886103128,0.43828101772701994,0.8108160571235122,0.23541064954028618,0.5247672553047252,0.35881111650114517,0.5267933967437473,0.4184981926768608,0.23541064954028618,0.5247672553047252,0.30157142194364617,0.1921444498344785,0.3601267300770806,-0.014330936375431036,-0.1747492769320045,0.11711663185998433,0.13490475527697948,0.025477783167811845,0.1934600634104139
hotspot,44,majority,70,85211,,0.45394373965802537,0.0,0.16666666666666666,0.17479848285291208,0.6463207428470736,0.0,0.0,0.16666666666666666,0.16666666666666666,0.0,0.0,0.0,0.0,0.0,0.0,-0.29905133156790054,-0.4050771193063238,-0.19434391422681196,-0.16666666666666666,-0.16666666666666666,-0.16666666666666666
hotspot,44,ref_base,70,85211,,0.5204844444966026,0.29905133156790054,0.3333333333333333,0.25941945806729555,0.6834082181516685,0.19434391422681196,0.40507711930632373,0.3333333333333333,0.3333333333333333,0.29905133156790054,0.19434391422681196,0.40507711930632373,0.16666666666666666,0.16666666666666666,0.16666666666666666,0.0,0.0,0.0,0.0,0.0,0.0
hotspot,44,LR_pm1,70,85211,0.1,0.5098168076891482,0.2546926865633687,0.33309929291149437,0.24149422459900782,0.6819871220060522,0.05431170766057141,0.4029299905859561,0.29013770595416166,0.3601943529314668,0.2546926865633687,0.05431170766057141,0.4029299905859561,0.1664326262448277,0.12347103928749498,0.19352768626480016,-0.04435864500453185,-0.18277335163022898,0.04786895244263206,-0.00023404042183894358,-0.04319562737917168,0.026861019598133494
hotspot,44,LR_pm2,70,85211,0.1,0.5048526598678574,0.2463531374006822,0.35744197744270106,0.2410020503425775,0.6744164685978612,0.05216394510307953,0.3911611647923631,0.295043837978607,0.3999598014057489,0.2463531374006822,0.05216394510307953,0.3911611647923631,0.1907753107760344,0.12837717131194037,0.23329313473908223,-0.052698194167218326,-0.1878412302654665,0.0401993034797505,0.02410864410936775,-0.0382894953547263,0.06662646807241558
hotspot,44,LR_pm5,70,85211,0.1,0.508279447489174,0.24804150958920537,0.3461300752306771,0.24195509321459402,0.6822661958282393,0.0501223955472302,0.39855402623134667,0.2787746478372196,0.3944120179366568,0.24804150958920537,0.0501223955472302,0.39855402623134667,0.17946340856401047,0.11210798117055294,0.22774535126999015,-0.05100982197869516,-0.18472447602977124,0.04602496278523371,0.01279674189734381,-0.05455868549611372,0.061078684603323496
hotspot,44,LR_pm10,70,85211,10.0,0.37699358064099703,0.14536019773433828,0.32280281355337875,0.23640630127861284,0.6146597005964431,-0.027354820359052085,0.4265808535066247,0.25225316564041883,0.42506391771089735,0.14536019773433828,-0.027354820359052085,0.4265808535066247,0.1561361468867121,0.08558649897375219,0.25839725104423067,-0.15369113383356225,-0.3459354004839223,0.21033150320912383,-0.010530519779954561,-0.08108016769291447,0.09173058437756405
hotspot,45,majority,70,91968,,0.5202461725817675,0.0,0.16666666666666666,0.22500458065533485,0.6937101588317325,0.0,0.0,0.16666666666666666,0.16666666666666666,0.0,0.0,0.0,0.0,0.0,0.0,-0.33785751275665704,-0.4356059525719088,-0.237996350863953,-0.16666666666666666,-0.16666666666666666,-0.16666666666666666
hotspot,45,ref_base,70,91968,,0.5893571677105081,0.33785751275665704,0.3333333333333333,0.3446332385909446,0.7379603093896971,0.237996350863953,0.4356059525719088,0.3333333333333333,0.3333333333333333,0.33785751275665704,0.237996350863953,0.4356059525719088,0.16666666666666666,0.16666666666666666,0.16666666666666666,0.0,0.0,0.0,0.0,0.0,0.0
hotspot,45,LR_pm1,70,91968,0.1,0.5893571677105081,0.33785751275665704,0.3333333333333333,0.3446332385909446,0.7379603093896971,0.237996350863953,0.4356059525719088,0.3333333333333333,0.3333333333333333,0.33785751275665704,0.237996350863953,0.4356059525719088,0.16666666666666666,0.16666666666666666,0.16666666666666666,0.0,0.0,0.0,0.0,0.0,0.0
hotspot,45,LR_pm2,70,91968,0.1,0.5832572199025748,0.31228536813928887,0.31202723149757977,0.33131708208748184,0.7368047902282869,0.187020679356577,0.414618681909333,0.2606735677586414,0.3544688453898762,0.31228536813928887,0.187020679356577,0.414618681909333,0.1453605648309131,0.09400690109197475,0.18780217872320956,-0.025572144617368175,-0.10301124307751422,0.03539258747168044,-0.021306101835753544,-0.0726597655746919,0.02113551205654292
hotspot,45,LR_pm5,70,91968,0.1,0.597098990953375,0.3411591907288606,0.3405919334623851,0.3541431425365895,0.7463360419709217,0.2250123133692367,0.44399577087631004,0.3004466561407655,0.3891595758958012,0.3411591907288606,0.2250123133692367,0.44399577087631004,0.17392526679571843,0.1337799894740988,0.2224929092291345,0.0033016779722035428,-0.054506950264476155,0.06287613957985617,0.007258600129051773,-0.032886677192567854,0.055826242562467855
hotspot,45,LR_pm10,70,91968,10.0,0.609027052887961,0.38689336938711083,0.36834375512036316,0.36471759275706606,0.7497794249230273,0.2298656767791458,0.4930550493345427,0.3140533934709056,0.42879700424414874,0.38689336938711083,0.2298656767791458,0.4930550493345427,0.2016770884536965,0.14738672680423895,0.2621303375774821,0.04903585663045379,-0.06478787364436621,0.15539468922323801,0.035010421787029844,-0.019279939862427698,0.09546367091081542
hotspot,46,majority,70,105185,,0.49623995816894045,0.0,0.16666666666666666,0.2810032368050224,0.6268690317009021,0.0,0.0,0.16666666666666666,0.16666666666666666,0.0,0.0,0.0,0.0,0.0,0.0,-0.2960175906624169,-0.37479077797201604,-0.2012607242497189,-0.16666666666666666,-0.16666666666666666,-0.16666666666666666
hotspot,46,ref_base,70,105185,,0.5531872415268336,0.2960175906624169,0.3333333333333333,0.37054720040243716,0.6674175117990465,0.20126072424971886,0.37479077797201604,0.3333333333333333,0.3333333333333333,0.2960175906624169,0.20126072424971886,0.37479077797201604,0.16666666666666666,0.16666666666666666,0.16666666666666666,0.0,0.0,0.0,0.0,0.0,0.0
hotspot,46,LR_pm1,70,105185,0.1,0.5531872415268336,0.2960175906624169,0.3333333333333333,0.37054720040243716,0.6674175117990465,0.20126072424971886,0.37479077797201604,0.3333333333333333,0.3333333333333333,0.2960175906624169,0.20126072424971886,0.37479077797201604,0.16666666666666666,0.16666666666666666,0.16666666666666666,0.0,0.0,0.0,0.0,0.0,0.0
hotspot,46,LR_pm2,70,105185,0.1,0.5277368446071208,0.2217339785001268,0.3345569881988763,0.32844920096530017,0.6510122483495769,0.07322566734721662,0.3417750504456715,0.29517198641429715,0.36436359697924126,0.2217339785001268,0.07322566734721662,0.3417750504456715,0.16789032153220965,0.12850531974763052,0.19769693031257463,-0.0742836121622901,-0.17388874868933368,0.006133617463757599,0.001223654865542989,-0.03816134691903615,0.03103026364590796
hotspot,46,LR_pm5,70,105185,0.1,0.5044445500784333,0.18595462477914357,0.33314766423559433,0.30478019705576037,0.6349626596802456,0.020794481072189747,0.30419488057654326,0.2755562462742031,0.370600771265312,0.18595462477914357,0.020794481072189747,0.30419488057654326,0.16648099756892767,0.10888957960753645,0.20393410459864533,-0.11006296588327333,-0.2348920890230042,-0.0139737081794527,-0.000185669097738983,-0.057777087059130205,0.03726743793197868
hotspot,46,LR_pm10,70,105185,0.1,0.49797024290535724,0.18951704509280048,0.364116172816818,0.3023174921084922,0.6410193433769088,0.012291108281041258,0.3299458198355868,0.28006469831065084,0.4165548273014421,0.18951704509280048,0.012291108281041258,0.3299458198355868,0.19744950615015136,0.1133980316439842,0.24988816063477548,-0.10650054556961641,-0.2459193239726321,0.019045051681109915,0.030782839483484703,-0.05326863502268246,0.08322149396810882
hotspot,47,majority,70,87941,,0.621462116646388,0.0,0.16666666666666666,0.3600272508709589,0.7707283895744823,0.0,0.0,0.16666666666666666,0.16666666666666666,0.0,0.0,0.0,0.0,0.0,0.0,-0.41346530050353547,-0.5224352574462754,-0.2956909514565562,-0.16666666666666666,-0.16666666666666666,-0.16666666666666666
hotspot,47,ref_base,70,87941,,0.6947953741713194,0.41346530050353547,0.3333333333333333,0.4940873322276721,0.8126952210357115,0.2956909514565562,0.5224352574462754,0.3333333333333333,0.3333333333333333,0.41346530050353547,0.2956909514565562,0.5224352574462754,0.16666666666666666,0.16666666666666666,0.16666666666666666,0.0,0.0,0.0,0.0,0.0,0.0
hotspot,47,LR_pm1,70,87941,0.1,0.6556327537781013,0.3696585131817936,0.356810997830066,0.420963548243326,0.7994095848057814,0.1915842206746324,0.510453730284681,0.31780168201836334,0.40153301968219113,0.3696585131817936,0.1915842206746324,0.510453730284681,0.19014433116339932,0.15113501535169668,0.23486635301552447,-0.04380678732174187,-0.14133182243669293,0.02865469592966565,0.023477664496732664,-0.015531651314969976,0.06819968634885783
hotspot,47,LR_pm2,70,87941,0.1,0.6605223956971151,0.37665983197523456,0.37117787671724384,0.4285465643432881,0.8028110763990076,0.2035918122742986,0.5216831945109597,0.3274200557384204,0.4271604454274798,0.37665983197523456,0.2035918122742986,0.5216831945109597,0.20451121005057718,0.1607533890717538,0.2604937787608131,-0.03680546852830091,-0.13411218190046867,0.039800121153089306,0.03784454338391052,-0.005913277594912867,0.09382711209414646
hotspot,47,LR_pm5,70,87941,0.1,0.6685277629319657,0.39288163317588304,0.3796014577396212,0.44112828165167683,0.8104787478957709,0.22006710836053114,0.5293540370207256,0.3280083463975069,0.44126970698760387,0.39288163317588304,0.22006710836053114,0.5293540370207256,0.21293479107295452,0.16134167973084024,0.27460304032093724,-0.020583667327652433,-0.11467256383058913,0.06263802470273776,0.04626812440628786,-0.005324986935826416,0.10793637365427054
hotspot,47,LR_pm10,70,87941,0.1,0.6662648821368873,0.3984631540493359,0.3857476271174414,0.43565921947318453,0.8092457917611824,0.22270491456775215,0.5323149525576175,0.32811142664878534,0.4467032174893739,0.3984631540493359,0.22270491456775215,0.5323149525576175,0.21908096045077477,0.16144475998211866,0.28003655082270723,-0.01500214645419956,-0.1116505381252509,0.06967822142360294,0.05241429378410811,-0.005221906684547991,0.11336988415604062
rare,42,majority,67,2362,,0.35817104149026247,0.0,0.16666666666666666,0.2567526952411291,0.46656024237214,0.0,0.0,0.16666666666666666,0.16666666666666666,0.0,0.0,0.0,0.0,0.0,0.0,-0.40278619027612744,-0.4708479256534981,-0.32255306046836507,-0.16666666666666666,-0.16666666666666666,-0.16666666666666666
rare,42,ref_base,67,2362,,0.5330228619813717,0.40278619027612744,0.3333333333333333,0.44207995951945545,0.6100885333668056,0.32255306046836507,0.4708479256534981,0.3333333333333333,0.3333333333333333,0.40278619027612744,0.32255306046836507,0.4708479256534981,0.16666666666666666,0.16666666666666666,0.16666666666666666,0.0,0.0,0.0,0.0,0.0,0.0
rare,42,LR_pm1,67,2362,0.01,0.5330228619813717,0.40278619027612744,0.3333333333333333,0.44207995951945545,0.6100885333668056,0.32255306046836507,0.4708479256534981,0.3333333333333333,0.3333333333333333,0.40278619027612744,0.32255306046836507,0.4708479256534981,0.16666666666666666,0.16666666666666666,0.16666666666666666,0.0,0.0,0.0,0.0,0.0,0.0
rare,42,LR_pm2,67,2362,0.01,0.5330228619813717,0.40278619027612744,0.3333333333333333,0.44207995951945545,0.6100885333668056,0.32255306046836507,0.4708479256534981,0.3333333333333333,0.3333333333333333,0.40278619027612744,0.32255306046836507,0.4708479256534981,0.16666666666666666,0.16666666666666666,0.16666666666666666,0.0,0.0,0.0,0.0,0.0,0.0
rare,42,LR_pm5,67,2362,0.01,0.5330228619813717,0.40278619027612744,0.3333333333333333,0.44207995951945545,0.6100885333668056,0.32255306046836507,0.4708479256534981,0.3333333333333333,0.3333333333333333,0.40278619027612744,0.32255306046836507,0.4708479256534981,0.16666666666666666,0.16666666666666666,0.16666666666666666,0.0,0.0,0.0,0.0,0.0,0.0
rare,42,LR_pm10,67,2362,0.01,0.5275190516511431,0.3931655494299704,0.3280871670702179,0.43915557438943204,0.6055078049604323,0.31377678313067914,0.4628240174339691,0.3127581199332669,0.3333333333333333,0.3931655494299704,0.31377678313067914,0.4628240174339691,0.16142050040355124,0.14609145326660025,0.16666666666666666,-0.009620640846157047,-0.034381565050957755,0.0,-0.005246166263115415,-0.02057521340006641,0.0
rare,43,majority,67,2520,,0.3611111111111111,0.0,0.16666666666666666,0.2502621935085451,0.48139073670679267,0.0,0.0,0.16666666666666666,0.16666666666666666,0.0,0.0,0.0,0.0,0.0,0.0,-0.4340802176003677,-0.5302889652823272,-0.3382818410649734,-0.16666666666666666,-0.16666666666666666,-0.16666666666666666
rare,43,ref_base,67,2520,,0.5630952380952381,0.4340802176003677,0.3333333333333333,0.45690361903844745,0.6685788820938289,0.3382818410649734,0.5302889652823272,0.3333333333333333,0.3333333333333333,0.4340802176003677,0.3382818410649734,0.5302889652823272,0.16666666666666666,0.16666666666666666,0.16666666666666666,0.0,0.0,0.0,0.0,0.0,0.0
rare,43,LR_pm1,67,2520,0.01,0.5630952380952381,0.4340802176003677,0.3333333333333333,0.45690361903844745,0.6685788820938289,0.3382818410649734,0.5302889652823272,0.3333333333333333,0.3333333333333333,0.4340802176003677,0.3382818410649734,0.5302889652823272,0.16666666666666666,0.16666666666666666,0.16666666666666666,0.0,0.0,0.0,0.0,0.0,0.0
rare,43,LR_pm2,67,2520,0.01,0.5630952380952381,0.4340802176003677,0.3333333333333333,0.45690361903844745,0.6685788820938289,0.3382818410649734,0.5302889652823272,0.3333333333333333,0.3333333333333333,0.4340802176003677,0.3382818410649734,0.5302889652823272,0.16666666666666666,0.16666666666666666,0.16666666666666666,0.0,0.0,0.0,0.0,0.0,0.0
rare,43,LR_pm5,67,2520,0.01,0.5464285714285714,0.40538622217503634,0.31958087753765557,0.4369403048052918,0.6518612031620211,0.3018946281595019,0.5070699615077079,0.2888888888888889,0.3333333333333333,0.40538622217503634,0.3018946281595019,0.5070699615077079,0.15291421087098891,0.12222222222222226,0.16666666666666666,-0.028693995425331353,-0.09492440738394342,0.0,-0.013752455795677743,-0.0444444444444444,0.0
rare,43,LR_pm10,67,2520,0.01,0.5178571428571429,0.3566164876615402,0.2960052390307793,0.4111285566955786,0.6273203813223099,0.2470480834563966,0.4654978574344002,0.24682084104991198,0.3333333333333333,0.3566164876615402,0.2470480834563966,0.4654978574344002,0.12933857236411264,0.08015417438324532,0.16666666666666666,-0.0774637299388275,-0.19515534854421301,0.0,-0.037328094302554016,-0.08651249228342134,0.0
rare,44,majority,67,2266,,0.42806707855251547,0.0,0.16666666666666666,0.31882088571774236,0.5456714137073903,0.0,0.0,0.16666666666666666,0.16666666666666666,0.0,0.0,0.0,0.0,0.0,0.0,-0.4380054912718151,-0.5381431249999432,-0.3361858108003944,-0.16666666666666666,-0.16666666666666666,-0.16666666666666666
rare,44,ref_base,67,2266,,0.5939982347749339,0.4380054912718151,0.3333333333333333,0.4983832521450073,0.6968750288937173,0.3361858108003944,0.5381431249999432,0.3333333333333333,0.3333333333333333,0.4380054912718151,0.3361858108003944,0.5381431249999432,0.16666666666666666,0.16666666666666666,0.16666666666666666,0.0,0.0,0.0,0.0,0.0,0.0
rare,44,LR_pm1,67,2266,0.01,0.5939982347749339,0.4380054912718151,0.3333333333333333,0.4983832521450073,0.6968750288937173,0.3361858108003944,0.5381431249999432,0.3333333333333333,0.3333333333333333,0.4380054912718151,0.3361858108003944,0.5381431249999432,0.16666666666666666,0.16666666666666666,0.16666666666666666,0.0,0.0,0.0,0.0,0.0,0.0
rare,44,LR_pm2,67,2266,0.01,0.5939982347749339,0.4380054912718151,0.3333333333333333,0.4983832521450073,0.6968750288937173,0.3361858108003944,0.5381431249999432,0.3333333333333333,0.3333333333333333,0.4380054912718151,0.3361858108003944,0.5381431249999432,0.16666666666666666,0.16666666666666666,0.16666666666666666,0.0,0.0,0.0,0.0,0.0,0.0
rare,44,LR_pm5,67,2266,0.01,0.5939982347749339,0.4380054912718151,0.3333333333333333,0.4983832521450073,0.6968750288937173,0.3361858108003944,0.5381431249999432,0.3333333333333333,0.3333333333333333,0.4380054912718151,0.3361858108003944,0.5381431249999432,0.16666666666666666,0.16666666666666666,0.16666666666666666,0.0,0.0,0.0,0.0,0.0,0.0
rare,44,LR_pm10,67,2266,0.01,0.5939982347749339,0.43719429580397784,0.3333333333333333,0.4983832521450073,0.6968750288937173,0.3322755003908418,0.5381431249999432,0.3333333333333333,0.3333333333333333,0.43719429580397784,0.3322755003908418,0.5381431249999432,0.16666666666666666,0.16666666666666666,0.16666666666666666,-0.0008111954678372557,-0.007583860210499086,0.0023102751133329056,0.0,0.0,0.0
rare,45,majority,67,2349,,0.35206470838654746,0.0,0.16666666666666666,0.2362934158509036,0.46243087697692004,0.0,0.0,0.16666666666666666,0.16666666666666666,0.0,0.0,0.0,0.0,0.0,0.0,-0.40434481308567616,-0.4933113001469834,-0.3176171615663886,-0.16666666666666666,-0.16666666666666666,-0.16666666666666666
rare,45,ref_base,67,2349,,0.5321413367390379,0.40434481308567616,0.3333333333333333,0.4310144790765145,0.6387787377436321,0.3176171615663886,0.4933113001469834,0.3333333333333333,0.3333333333333333,0.40434481308567616,0.3176171615663886,0.4933113001469834,0.16666666666666666,0.16666666666666666,0.16666666666666666,0.0,0.0,0.0,0.0,0.0,0.0
rare,45,LR_pm1,67,2349,0.01,0.5321413367390379,0.40434481308567616,0.3333333333333333,0.4310144790765145,0.6387787377436321,0.3176171615663886,0.4933113001469834,0.3333333333333333,0.3333333333333333,0.40434481308567616,0.3176171615663886,0.4933113001469834,0.16666666666666666,0.16666666666666666,0.16666666666666666,0.0,0.0,0.0,0.0,0.0,0.0
rare,45,LR_pm2,67,2349,0.01,0.5321413367390379,0.40434481308567616,0.3333333333333333,0.4310144790765145,0.6387787377436321,0.3176171615663886,0.4933113001469834,0.3333333333333333,0.3333333333333333,0.40434481308567616,0.3176171615663886,0.4933113001469834,0.16666666666666666,0.16666666666666666,0.16666666666666666,0.0,0.0,0.0,0.0,0.0,0.0
rare,45,LR_pm5,67,2349,0.01,0.5321413367390379,0.40434481308567616,0.3333333333333333,0.4310144790765145,0.6387787377436321,0.3176171615663886,0.4933113001469834,0.3333333333333333,0.3333333333333333,0.40434481308567616,0.3176171615663886,0.4933113001469834,0.16666666666666666,0.16666666666666666,0.16666666666666666,0.0,0.0,0.0,0.0,0.0,0.0
rare,45,LR_pm10,67,2349,0.01,0.4946785866326096,0.3377043639988417,0.29866036249014977,0.3886402966681303,0.6090012096719339,0.23860831751099074,0.4421636160839081,0.25503644816898174,0.3333333333333333,0.3377043639988417,0.23860831751099074,0.4421636160839081,0.1319936958234831,0.0883697815023151,0.16666666666666666,-0.06664044908683447,-0.1484757867479738,-0.002448735856192422,-0.03467297084318355,-0.07829688516435156,0.0
rare,46,majority,67,2319,,0.36998706338939197,0.0,0.16666666666666666,0.26282123446704536,0.4762441581407098,0.0,0.0,0.16666666666666666,0.16666666666666666,0.0,0.0,0.0,0.0,0.0,0.0,-0.4327215212690635,-0.5334176677399466,-0.3362558082862016,-0.16666666666666666,-0.16666666666666666,-0.16666666666666666
rare,46,ref_base,67,2319,,0.5657611039241052,0.4327215212690635,0.3333333333333333,0.4669081890386781,0.6637060123273592,0.33625580828620155,0.5334176677399466,0.3333333333333333,0.3333333333333333,0.4327215212690635,0.33625580828620155,0.5334176677399466,0.16666666666666666,0.16666666666666666,0.16666666666666666,0.0,0.0,0.0,0.0,0.0,0.0
rare,46,LR_pm1,67,2319,0.01,0.5657611039241052,0.4327215212690635,0.3333333333333333,0.4669081890386781,0.6637060123273592,0.33625580828620155,0.5334176677399466,0.3333333333333333,0.3333333333333333,0.4327215212690635,0.33625580828620155,0.5334176677399466,0.16666666666666666,0.16666666666666666,0.16666666666666666,0.0,0.0,0.0,0.0,0.0,0.0
rare,46,LR_pm2,67,2319,0.1,0.5657611039241052,0.4327215212690635,0.3333333333333333,0.4669081890386781,0.6637060123273592,0.33625580828620155,0.5334176677399466,0.3333333333333333,0.3333333333333333,0.4327215212690635,0.33625580828620155,0.5334176677399466,0.16666666666666666,0.16666666666666666,0.16666666666666666,0.0,0.0,0.0,0.0,0.0,0.0
rare,46,LR_pm5,67,2319,0.1,0.4950409659335921,0.3145146148300697,0.2846176809651536,0.39054280835886523,0.5952153387346467,0.21667611772469014,0.42314767869838465,0.23254238999841342,0.3503442184675289,0.3145146148300697,0.21667611772469014,0.42314767869838465,0.11795101429848695,0.06587572333174675,0.1836775518008622,-0.11820690643899379,-0.2333777211692507,-0.005903921786134078,-0.04871565236817971,-0.1007909433349199,0.017010885134195557
rare,46,LR_pm10,67,2319,0.1,0.5161707632600259,0.35168609450547433,0.37840632336077906,0.4138836230885241,0.6110881785174886,0.2268735133301921,0.4851646671470804,0.2787290479559417,0.4758075667574387,0.35168609450547433,0.2268735133301921,0.4851646671470804,0.2117396566941124,0.11206238128927506,0.30914090009077205,-0.08103542676358916,-0.24367721019971117,0.08284751122685632,0.04507299002744575,-0.0546042853773916,0.14247423342410537
rare,47,majority,67,2318,,0.35073339085418465,0.0,0.16666666666666666,0.24737593596889146,0.4544669296165654,0.0,0.0,0.16666666666666666,0.16666666666666666,0.0,0.0,0.0,0.0,0.0,0.0,-0.41640307838001245,-0.5036143495879555,-0.3258016992807244,-0.16666666666666666,-0.16666666666666666,-0.16666666666666666
rare,47,ref_base,67,2318,,0.543572044866264,0.41640307838001245,0.3333333333333333,0.45079714955500694,0.6375661214086391,0.3258016992807244,0.5036143495879555,0.3333333333333333,0.3333333333333333,0.41640307838001245,0.3258016992807244,0.5036143495879555,0.16666666666666666,0.16666666666666666,0.16666666666666666,0.0,0.0,0.0,0.0,0.0,0.0
rare,47,LR_pm1,67,2318,0.01,0.543572044866264,0.41640307838001245,0.3333333333333333,0.45079714955500694,0.6375661214086391,0.3258016992807244,0.5036143495879555,0.3333333333333333,0.3333333333333333,0.41640307838001245,0.3258016992807244,0.5036143495879555,0.16666666666666666,0.16666666666666666,0.16666666666666666,0.0,0.0,0.0,0.0,0.0,0.0
rare,47,LR_pm2,67,2318,0.01,0.543572044866264,0.41640307838001245,0.3333333333333333,0.45079714955500694,0.6375661214086391,0.3258016992807244,0.5036143495879555,0.3333333333333333,0.3333333333333333,0.41640307838001245,0.3258016992807244,0.5036143495879555,0.16666666666666666,0.16666666666666666,0.16666666666666666,0.0,0.0,0.0,0.0,0.0,0.0
rare,47,LR_pm5,67,2318,0.01,0.5155306298533219,0.3712591836638666,0.30909768829231915,0.4140925334847654,0.6106778827325913,0.2700819571701853,0.4625996594256585,0.27059922533606745,0.3333333333333333,0.3712591836638666,0.2700819571701853,0.4625996594256585,0.1424310216256525,0.10393255866940079,0.16666666666666666,-0.04514389471614583,-0.12428479129065409,0.00036529045543054716,-0.024235645041014164,-0.06273410799726586,0.0
rare,47,LR_pm10,67,2318,0.01,0.495685936151855,0.3370680747485987,0.29194630872483224,0.4009611520191147,0.585987476537306,0.2371810259644002,0.4227700772584662,0.24947839059050772,0.32618457083052577,0.3370680747485987,0.2371810259644002,0.4227700772584662,0.12527964205816558,0.08281172392384108,0.15951790416385908,-0.07933500363141377,-0.1778731389036209,-0.012403177688678248,-0.04138702460850108,-0.08391114940662006,-0.007148762502807574
